{

"metadata" : {
"formatVersion" : 3.1,
"description"	: "Md 2 model converted from shells.md2 using MD2 to json converter."
},

"scale" : 25.00000,

"materials": [	{
"DbgColor" : 15658734,
"DbgIndex" : 0,
"DbgName" : "md2_material"
}],

"vertices": [0.1,0.0,-6.7,-0.7,0.0,-6.5,-1.2,0.0,-5.8,-1.2,0.0,-4.9,-0.7,0.0,-4.3,0.1,0.0,-4.0,0.9,0.0,-4.3,1.4,0.0,-4.9,1.4,0.0,-5.8,0.9,0.0,-6.5,0.1,8.0,-6.7,-0.7,8.0,-6.5,-1.2,8.0,-5.8,-1.2,8.0,-4.9,-0.7,8.0,-4.3,0.1,8.0,-4.0,0.9,8.0,-4.3,1.4,8.0,-4.9,1.4,8.0,-5.8,0.9,8.0,-6.5,0.1,0.0,-3.0,-0.7,0.0,-2.7,-1.2,0.0,-2.1,-1.2,0.0,-1.2,-0.7,0.0,-0.5,0.1,0.0,-0.2,0.9,0.0,-0.5,1.4,0.0,-1.2,1.4,0.0,-2.1,0.9,0.0,-2.7,0.1,8.0,-3.0,-0.7,8.0,-2.7,-1.2,8.0,-2.1,-1.2,8.0,-1.2,-0.7,8.0,-0.5,0.1,8.0,-0.2,0.9,8.0,-0.5,1.4,8.0,-1.2,1.4,8.0,-2.1,0.9,8.0,-2.7,0.1,0.0,0.7,-0.7,0.0,1.0,-1.2,0.0,1.7,-1.2,0.0,2.5,-0.7,0.0,3.2,0.1,0.0,3.4,0.9,0.0,3.2,1.4,0.0,2.5,1.4,0.0,1.7,0.9,0.0,1.0,0.1,8.0,0.7,-0.7,8.0,1.0,-1.2,8.0,1.7,-1.2,8.0,2.5,-0.7,8.0,3.2,0.1,8.0,3.4,0.9,8.0,3.2,1.4,8.0,2.5,1.4,8.0,1.7,0.9,8.0,1.0,0.1,0.0,4.5,-0.7,0.0,4.7,-1.2,0.0,5.4,-1.2,0.0,6.3,-0.7,0.0,7.0,0.1,0.0,7.2,0.9,0.0,7.0,1.4,0.0,6.3,1.4,0.0,5.4,0.9,0.0,4.7,0.1,8.0,4.5,-0.7,8.0,4.7,-1.2,8.0,5.4,-1.2,8.0,6.3,-0.7,8.0,7.0,0.1,8.0,7.2,0.9,8.0,7.0,1.4,8.0,6.3,1.4,8.0,5.4,0.9,8.0,4.7],

"morphTargets": [],

"morphColors": [],

"normals": [],

"colors": [],

"uvs": [[0.1875,0.537109375,0.0703125,0.626953125,0.0234375,0.765625,0.0234375,0.765625,0.0703125,0.912109375,0.1875,0.9921875,0.1875,0.9921875,0.328125,0.9921875,0.4453125,0.912109375,0.0234375,0.765625,0.1875,0.9921875,0.4453125,0.912109375,0.4453125,0.912109375,0.4921875,0.765625,0.4453125,0.626953125,0.0234375,0.765625,0.4453125,0.912109375,0.4453125,0.626953125,0.1875,0.537109375,0.0234375,0.765625,0.4453125,0.626953125,0.1875,0.537109375,0.4453125,0.626953125,0.328125,0.537109375,0.9765625,0.431640625,0.9765625,0.326171875,0.0078125,0.326171875,0.0078125,0.326171875,0.0078125,0.431640625,0.9765625,0.431640625,0.9765625,0.521484375,0.9765625,0.431640625,0.0078125,0.431640625,0.0078125,0.431640625,0.0078125,0.521484375,0.9765625,0.521484375,0.9765625,0.431640625,0.9765625,0.521484375,0.0078125,0.521484375,0.0078125,0.521484375,0.0078125,0.431640625,0.9765625,0.431640625,0.9765625,0.326171875,0.9765625,0.431640625,0.0078125,0.431640625,0.0078125,0.431640625,0.0078125,0.326171875,0.9765625,0.326171875,0.9765625,0.228515625,0.9765625,0.326171875,0.0078125,0.326171875,0.0078125,0.326171875,0.0078125,0.228515625,0.9765625,0.228515625,0.9765625,0.123046875,0.9765625,0.228515625,0.0078125,0.228515625,0.0078125,0.228515625,0.0078125,0.123046875,0.9765625,0.123046875,0.9765625,0.025390625,0.9765625,0.123046875,0.0078125,0.123046875,0.0078125,0.123046875,0.0078125,0.025390625,0.9765625,0.025390625,0.9765625,0.123046875,0.9765625,0.025390625,0.0078125,0.025390625,0.0078125,0.025390625,0.0078125,0.123046875,0.9765625,0.123046875,0.9765625,0.228515625,0.9765625,0.123046875,0.0078125,0.123046875,0.0078125,0.123046875,0.0078125,0.228515625,0.9765625,0.228515625,0.9765625,0.326171875,0.9765625,0.228515625,0.0078125,0.228515625,0.0078125,0.228515625,0.0078125,0.326171875,0.9765625,0.326171875,0.546875,0.62890625,0.6640625,0.5390625,0.8125,0.5390625,0.8125,0.5390625,0.9296875,0.62890625,0.96875,0.767578125,0.96875,0.767578125,0.9296875,0.9140625,0.8125,0.994140625,0.8125,0.5390625,0.96875,0.767578125,0.8125,0.994140625,0.8125,0.994140625,0.6640625,0.994140625,0.546875,0.9140625,0.8125,0.5390625,0.8125,0.994140625,0.546875,0.9140625,0.546875,0.62890625,0.8125,0.5390625,0.546875,0.9140625,0.546875,0.62890625,0.546875,0.9140625,0.5078125,0.767578125,0.1875,0.9921875,0.328125,0.9921875,0.4453125,0.912109375,0.4453125,0.912109375,0.4921875,0.765625,0.4453125,0.626953125,0.4453125,0.626953125,0.328125,0.537109375,0.1875,0.537109375,0.1875,0.537109375,0.0703125,0.626953125,0.0234375,0.765625,0.4453125,0.626953125,0.1875,0.537109375,0.0234375,0.765625,0.4453125,0.912109375,0.4453125,0.626953125,0.0234375,0.765625,0.1875,0.9921875,0.4453125,0.912109375,0.0234375,0.765625,0.0703125,0.912109375,0.1875,0.9921875,0.0234375,0.765625,0.0078125,0.326171875,0.0078125,0.431640625,0.9765625,0.431640625,0.9765625,0.431640625,0.9765625,0.326171875,0.0078125,0.326171875,0.0078125,0.431640625,0.0078125,0.521484375,0.9765625,0.521484375,0.9765625,0.521484375,0.9765625,0.431640625,0.0078125,0.431640625,0.0078125,0.521484375,0.0078125,0.431640625,0.9765625,0.431640625,0.9765625,0.431640625,0.9765625,0.521484375,0.0078125,0.521484375,0.0078125,0.431640625,0.0078125,0.326171875,0.9765625,0.326171875,0.9765625,0.326171875,0.9765625,0.431640625,0.0078125,0.431640625,0.0078125,0.326171875,0.0078125,0.228515625,0.9765625,0.228515625,0.9765625,0.228515625,0.9765625,0.326171875,0.0078125,0.326171875,0.0078125,0.228515625,0.0078125,0.123046875,0.9765625,0.123046875,0.9765625,0.123046875,0.9765625,0.228515625,0.0078125,0.228515625,0.0078125,0.123046875,0.0078125,0.025390625,0.9765625,0.025390625,0.9765625,0.025390625,0.9765625,0.123046875,0.0078125,0.123046875,0.0078125,0.025390625,0.0078125,0.123046875,0.9765625,0.123046875,0.9765625,0.123046875,0.9765625,0.025390625,0.0078125,0.025390625,0.0078125,0.123046875,0.0078125,0.228515625,0.9765625,0.228515625,0.9765625,0.228515625,0.9765625,0.123046875,0.0078125,0.123046875,0.0078125,0.228515625,0.0078125,0.326171875,0.9765625,0.326171875,0.9765625,0.326171875,0.9765625,0.228515625,0.0078125,0.228515625,0.96875,0.767578125,0.9296875,0.9140625,0.8125,0.994140625,0.8125,0.994140625,0.6640625,0.994140625,0.546875,0.9140625,0.546875,0.9140625,0.5078125,0.767578125,0.546875,0.62890625,0.546875,0.62890625,0.6640625,0.5390625,0.8125,0.5390625,0.546875,0.9140625,0.546875,0.62890625,0.8125,0.5390625,0.8125,0.994140625,0.546875,0.9140625,0.8125,0.5390625,0.96875,0.767578125,0.8125,0.994140625,0.8125,0.5390625,0.9296875,0.62890625,0.96875,0.767578125,0.8125,0.5390625,0.1875,0.9921875,0.328125,0.9921875,0.4453125,0.912109375,0.4453125,0.912109375,0.4921875,0.765625,0.4453125,0.626953125,0.4453125,0.626953125,0.328125,0.537109375,0.1875,0.537109375,0.1875,0.537109375,0.0703125,0.626953125,0.0234375,0.765625,0.4453125,0.626953125,0.1875,0.537109375,0.0234375,0.765625,0.4453125,0.912109375,0.4453125,0.626953125,0.0234375,0.765625,0.1875,0.9921875,0.4453125,0.912109375,0.0234375,0.765625,0.0703125,0.912109375,0.1875,0.9921875,0.0234375,0.765625,0.0078125,0.326171875,0.0078125,0.431640625,0.9765625,0.431640625,0.9765625,0.431640625,0.9765625,0.326171875,0.0078125,0.326171875,0.0078125,0.431640625,0.0078125,0.521484375,0.9765625,0.521484375,0.9765625,0.521484375,0.9765625,0.431640625,0.0078125,0.431640625,0.0078125,0.521484375,0.0078125,0.431640625,0.9765625,0.431640625,0.9765625,0.431640625,0.9765625,0.521484375,0.0078125,0.521484375,0.0078125,0.431640625,0.0078125,0.326171875,0.9765625,0.326171875,0.9765625,0.326171875,0.9765625,0.431640625,0.0078125,0.431640625,0.0078125,0.326171875,0.0078125,0.228515625,0.9765625,0.228515625,0.9765625,0.228515625,0.9765625,0.326171875,0.0078125,0.326171875,0.0078125,0.228515625,0.0078125,0.123046875,0.9765625,0.123046875,0.9765625,0.123046875,0.9765625,0.228515625,0.0078125,0.228515625,0.0078125,0.123046875,0.0078125,0.025390625,0.9765625,0.025390625,0.9765625,0.025390625,0.9765625,0.123046875,0.0078125,0.123046875,0.0078125,0.025390625,0.0078125,0.123046875,0.9765625,0.123046875,0.9765625,0.123046875,0.9765625,0.025390625,0.0078125,0.025390625,0.0078125,0.123046875,0.0078125,0.228515625,0.9765625,0.228515625,0.9765625,0.228515625,0.9765625,0.123046875,0.0078125,0.123046875,0.0078125,0.228515625,0.0078125,0.326171875,0.9765625,0.326171875,0.9765625,0.326171875,0.9765625,0.228515625,0.0078125,0.228515625,0.96875,0.767578125,0.9296875,0.9140625,0.8125,0.994140625,0.8125,0.994140625,0.6640625,0.994140625,0.546875,0.9140625,0.546875,0.9140625,0.5078125,0.767578125,0.546875,0.62890625,0.546875,0.62890625,0.6640625,0.5390625,0.8125,0.5390625,0.546875,0.9140625,0.546875,0.62890625,0.8125,0.5390625,0.8125,