{

"metadata" : {
"formatVersion" : 3.1,
"description"	: "Md 2 model converted from W-Shotgun.md2 using MD2 to json converter."
},

"scale" : 20.000000,

"materials": [	{
"DbgColor" : 15658734,
"DbgIndex" : 0,
"DbgName" : "md2_material"
}],

"vertices": [-34,22.2,-0.1,-34,23.2,0.5,-34,23.2,1.7,-34,22.2,2.3,-34,21.1,0.5,-34,21.1,1.7,-7,22.2,-0.1,-7,23.2,0.5,-7,23.2,1.7,-7,22.2,2.3,-7,21.1,0.5,-7,21.1,1.7,-27,21.6,2.4,-26.3,18.4,2.1,-25.3,18.1,1.1,-27,21.6,-0.3,-26.3,18.4,0.0,-14,21.6,2.4,-14.5,18.4,2.1,-14.9,18.1,1.1,-14,21.6,-0.3,-14.5,18.4,0.0,-28.9,19.8,0.2,-28.9,20.6,0.6,-28.9,20.5,1.5,-28.9,19.8,2.0,-28.9,19.0,0.6,-28.9,19.0,1.5,-7,19.8,0.2,-7,20.6,0.6,-7,20.5,1.5,-7,19.8,2.0,-7,19.0,0.6,-7,19.0,1.5,-28.2,22.2,0.1,-28.2,22.2,2.1,-28.2,18.7,2.1,-28.2,18.7,0.1,-27.5,22.2,0.1,-27.5,22.2,2.1,-27.5,18.7,2.1,-27.5,18.7,0.1,-8.9,18.6,2.5,-8.9,23.3,2.5,-8.7,23.8,1.1,-8.9,18.6,-0.3,-8.9,23.3,-0.3,2.4,18.6,2.5,2.4,23.3,2.5,2.4,23.8,1.1,2.4,18.6,-0.3,2.4,23.3,-0.3,6.5,16.3,2.4,9.9,12.2,2.2,12.3,13.2,1.7,12.1,15.2,1.8,24.1,11.4,1.8,25.8,12.1,1.8,27.5,19.9,2.1,26.3,21.5,2.1,10.9,22.4,2.3,7.3,21.4,1.5,6.5,16.3,-0.3,9.9,12.2,-0.0,12.3,13.2,0.4,12.1,15.2,0.3,24.1,11.4,0.3,25.8,12.1,0.3,27.5,19.9,0.1,26.3,21.5,0.1,10.9,22.4,-0.2,7.3,21.4,0.7,-3.1,18.9,1.7,1.2,18.9,1.7,0.5,16.2,1.1,-2.4,16.2,1.1,-3.1,18.9,0.5,1.2,18.9,0.5],

"morphTargets": [],

"morphColors": [],

"normals": [],

"colors": [],

"uvs": [[0.51171875,0.03125,0.46875,0.1171875,0.51171875,0.19921875,0.59375,0.19921875,0.59375,0.03125,0.63671875,0.1171875,0,1,0.10546875,0.38671875,0.10546875,0.73828125,0.13671875,0.73828125,0.13671875,0.38671875,0.2890625,0.73828125,0.2890625,0.38671875,0.25390625,0.38671875,0.25390625,0.73828125,0.19140625,0.38671875,0.19140625,0.73828125,0.04296875,0.38671875,0.04296875,0.73828125,0.01171875,0.38671875,0.01171875,0.73828125,0.16015625,0.38671875,0.16015625,0.73828125,0.29296875,0.9921875,0.29296875,0.765625,0.2109375,0.80859375,0.2109375,0.9453125,0.01171875,0.765625,0.01171875,0.9921875,0.09375,0.9453125,0.15234375,0.92578125,0.15234375,0.82421875,0.09375,0.80859375,0.671875,0.0234375,0.64453125,0.08203125,0.671875,0.140625,0.73046875,0.140625,0.73046875,0.0234375,0.76171875,0.08203125,0.30859375,0.65625,0.484375,0.65625,0.30859375,0.53125,0.484375,0.53125,0.45703125,0.515625,0.3203125,0.515625,0.3203125,0.3828125,0.45703125,0.3828125,0.4921875,0.3828125,0.4921875,0.21875,0.6015625,0.21875,0.6015625,0.3828125,0.5078125,0.91015625,0.5078125,0.9921875,0.6953125,0.9921875,0.6953125,0.91015625,0.30859375,0.96875,0.48828125,0.96875,0.48828125,0.66796875,0.30859375,0.66796875,0.3984375,0.99609375,0.8359375,0.5859375,0.95703125,0.5859375,0.95703125,0.3984375,0.8359375,0.3984375,0.71875,0.3984375,0.71875,0.5859375,0.61328125,0.21875,0.72265625,0.21875,0.72265625,0.3828125,0.61328125,0.3828125,0.4453125,0.32421875,0.453125,0.15234375,0.40234375,0.12109375,0.421875,0.03515625,0.40234375,0.0625,0.4140625,0.35546875,0.26171875,0.35546875,0.25,0.30859375,0.265625,0.05859375,0.28515625,0.03515625,0.79296875,0.03515625,0.81640625,0.12109375,0.76171875,0.15234375,0.8125,0.0625,0.76953125,0.32421875,0.8046875,0.35546875,0.94921875,0.05859375,0.96484375,0.30859375,0.953125,0.35546875,0.93359375,0.03515625,0.00390625,0.3671875,0.23046875,0.3671875,0.00390625,0.3125,0.23046875,0.3125,0.00390625,0.04296875,0.23046875,0.04296875,0.00390625,0.015625,0.23046875,0.015625,0.6953125,0.671875,0.5078125,0.671875,0.6953125,0.796875,0.5078125,0.80078125,0.6953125,0.83203125,0.5078125,0.83203125,0.6953125,0.85546875,0.5078125,0.85546875,0.50390625,0.8828125,0.6953125,0.8828125,0.71875,0.65234375,0.95703125,0.65234375,0.71875,0.72265625,0.95703125,0.72265625,0.95703125,0.98046875,0.71875,0.98046875,0.69921875,0.640625,0.69921875,0.41015625,0.60546875,0.6015625,0.60546875,0.453125,0.5078125,0.640625,0.5078125,0.41015625]],

"faces": [8,1,0,4,2,1,0,8,4,5,2,0,4,3,8,2,1,4,3,2,0,8,2,5,3,3,4,5,8,10,6,7,6,6,6,8,8,11,10,6,6,6,8,10,7,8,6,6,6,8,9,11,8,6,6,6,8,9,8,2,9,8,7,8,2,3,9,7,10,9,8,11,9,3,13,12,11,8,3,5,11,11,14,13,8,10,11,5,15,13,14,8,5,4,10,14,16,15,8,8,7,1,8,18,17,8,1,2,8,17,7,8,8,0,1,7,19,17,18,8,7,6,0,18,20,19,8,4,0,6,16,22,21,8,6,10,4,21,15,16,8,18,17,12,25,24,23,8,12,13,18,23,26,25,8,20,15,12,28,27,24,8,12,17,20,24,23,28,8,16,13,12,29,26,23,8,12,15,16,23,28,29,8,16,14,13,29,30,26,8,19,18,13,31,25,26,8,13,14,19,26,30,31,8,14,16,21,30,29,32,8,21,19,14,32,31,30,8,15,20,21,28,27,32,8,21,16,15,32,29,28,8,18,20,17,25,27,24,8,21,20,18,32,27,25,8,18,19,21,25,31,32,8,23,22,26,35,34,33,8,26,27,24,33,37,36,8,24,23,26,36,35,33,8,24,27,25,36,37,38,8,32,28,29,6,6,6,8,30,33,32,6,6,6,8,32,29,30,6,6,6,8,31,33,30,6,6,6,8,31,30,24,9,8,7,8,24,25,31,7,10,9,8,33,31,25,13,12,11,8,25,27,33,11,14,13,8,32,33,27,15,13,14,8,27,26,32,14,16,15,8,30,29,23,8,18,17,8,23,24,30,17,7,8,8,22,23,29,19,17,18,8,29,28,22,18,20,19,8,26,22,28,16,22,21,8,28,32,26,21,15,16,8,34,35,39,6,6,6,8,39,38,34,6,6,6,8,40,38,39,41,40,39,8,41,38,40,42,40,41,8,37,34,38,45,44,43,8,38,41,37,43,46,45,8,36,39,35,46,44,43,8,40,39,36,45,44,46,8,35,34,37,40,39,41,8,37,36,35,41,42,40,8,41,40,36,6,6,6,8,36,37,41,6,6,6,8,42,47,48,49,48,47,8,48,43,42,47,50,49,8,42,45,50,53,52,51,8,50,47,42,51,54,53,8,42,43,46,57,56,55,8,46,45,42,55,58,57,8,43,44,46,56,59,55,8,43,48,49,62,61,60,8,49,44,43,60,63,62,8,51,46,44,65,64,63,8,44,49,51,63,60,65,8,51,50,45,68,67,66,8,45,46,51,66,69,68,8,51,49,48,6,6,6,8,47,61,48,48,70,47,8,52,61,47,71,70,48,8,53,55,52,73,72,71,8,54,55,53,74,72,73,8,61,52,55,70,71,72,8,55,60,61,72,75,70,8,57,58,59,78,77,76,8,59,56,57,76,79,78,8,62,65,63,82,81,80,8,63,65,64,80,81,83,8,65,62,71,81,82,84,8,71,70,65,84,85,81,8,69,68,67,88,87,86,8,67,66,69,86,89,88,8,58,69,59,92,91,90,8,68,69,58,93,91,92,8,58,57,68,92,94,93,8,57,67,68,94,95,93,8,56,67,57,96,95,94,8,66,67,56,97,95,96,8,55,66,56,100,99,98,8,65,66,55,101,99,100,8,55,54,65,100,102,101,8,54,64,65,102,103,101,8,53,64,54,104,103,102,8,63,64,53,105,103,104,8,50,51,71,67,68,84,8,71,62,50,84,82,67,8,47,50,62,54,51,106,8,62,52,47,106,107,54,8,63,52,62,105,107,106,8,53,52,63,104,107,105,8,61,71,49,109,108,60,8,49,48,61,60,61,109,8,51,49,71,65,60,108,8,61,60,70,109,111,110,8,70,71,61,110,108,109,8,70,60,59,110,111,112,8,59,69,70,112,113,110,8,65,70,69,81,85,88,8,69,66,65,88,89,81,8,59,60,55,76,75,72,8,55,56,59,72,79,76,8,75,73,72,116,115,114,8,74,73,75,117,115,116,8,73,77,76,6,6,6,8,76,72,73,6,6,6,8,75,72,76,116,114,118,8,75,76,77,116,118,119,8,77,74,75,119,117,116,8,77,73,74,119,115,117]

}